{
    "individual_scores": {
        "Lasso": 0.11199978147421712,
        "Ridge": 0.11316037735282712,
        "ElasticNet": 0.11203565697210584,
        "RF": 0.13192399390978168,
        "ET": 0.1312096523153851,
        "XGB": 0.11909954197200831,
        "LGBM": 0.11560661297842305
    },
    "best_weights": {
        "Lasso": 0.27687291109749057,
        "Ridge": 0.021461561560514285,
        "ElasticNet": 0.27678322380271503,
        "RF": 0.0,
        "ET": 0.05738326564508337,
        "XGB": 0.005436664081211817,
        "LGBM": 0.36206237381298495
    },
    "best_weighted_score": 0.10900408613321204,
    "stacking_ridge_score": 0.10969704384425219,
    "simple_average_score": 0.1112290147494578
}