{
    "simple_avg_rmsle": 0.11122901474945782,
    "weighted_avg_rmsle": 0.10898736945527644,
    "stacking_ridge_rmsle": 0.1085602495956445,
    "best_weights": {
        "Lasso": 0.2930026667122712,
        "Ridge": 0.0,
        "ElasticNet": 0.28604569907237465,
        "RF": 0.0,
        "ET": 0.044622658245701316,
        "XGB": 0.04886506597449001,
        "LGBM": 0.3274639099951628
    },
    "best_meta_model": "Ridge"
}