{
    "best_params": {
        "learning_rate": 0.03215189256559893,
        "n_estimators": 1013,
        "max_depth": 3,
        "min_child_weight": 6,
        "subsample": 0.6077175608254334,
        "colsample_bytree": 0.8904234686837514,
        "alpha": 1.190678620906118e-06,
        "lambda": 0.6591372945307974
    },
    "mean_rmsle": 0.11545472643837737,
    "cv_scores": [
        0.12106241437008343,
        0.10934507731239877,
        0.11861673775600542,
        0.12087546663753167,
        0.10737393611586755
    ],
    "note": "Used XGBoost with tree_method=hist as a substitute for LightGBM due to environment issues (missing libgomp.so.1)"
}