{
    "Ridge": {
        "best_params": {
            "ridge__alpha": 15
        },
        "best_rmse": 0.11315603491113925
    },
    "Lasso": {
        "best_params": {
            "lasso__alpha": 0.0005
        },
        "best_rmse": 0.11199515156671268
    },
    "ElasticNet": {
        "best_params": {
            "elasticnet__alpha": 0.0005,
            "elasticnet__l1_ratio": 0.9
        },
        "best_rmse": 0.11203116262574765
    }
}