{
    "best_params": {
        "learning_rate": 0.012324006325284798,
        "max_depth": 10,
        "min_child_weight": 7,
        "subsample": 0.60140531466742,
        "colsample_bytree": 0.7254476727978763,
        "gamma": 0.050306661002420205,
        "reg_alpha": 0.0024078939668722753,
        "reg_lambda": 0.5964849701282574,
        "objective": "reg:squarederror",
        "n_estimators": 3000,
        "tree_method": "hist",
        "random_state": 42,
        "early_stopping_rounds": 50
    },
    "rmsle": 0.11882471139623056,
    "cv_scores": [
        0.12747394625828645,
        0.11226027720584791,
        0.12344173040346011,
        0.12441784259439771,
        0.10652976051916063
    ]
}