{
    "RandomForest": {
        "n_estimators": 280,
        "max_depth": 12,
        "min_samples_split": 12,
        "min_samples_leaf": 1,
        "max_features": null
    },
    "XGBoost": {
        "n_estimators": 500,
        "max_depth": 4,
        "learning_rate": 0.06569516926992114,
        "subsample": 0.6500224428304437,
        "colsample_bytree": 0.7022332671403443,
        "gamma": 1.2166494848249776
    },
    "HistGradientBoosting": {
        "max_iter": 98,
        "max_depth": 3,
        "learning_rate": 0.19442465885425078,
        "l2_regularization": 0.6060971381184996,
        "max_leaf_nodes": 21
    }
}