Metric,Value
Mean Accuracy,0.8091896302805852
Standard Deviation,0.030846805055858028
