{"cv_mean": 0.858571338899002, "cv_std": 0.023485373154654685, "meta_coefs": [1.2467403166751023, 2.3898386074573943, 1.6787080913153878]}