{"mean_accuracy": 0.8316427091833531, "std_accuracy": 0.024915590418334327, "cv_scores": [0.8379888268156425, 0.8202247191011236, 0.8202247191011236, 0.8033707865168539, 0.8764044943820225]}