Solver,h/tol,nfev,time,rmse
Euler,0.001,50000,0.0650109579999878,10.76258588018709
Euler,0.0001,500000,0.6523456670000201,10.047609929583047
RK4,0.01,20000,0.031685416000016176,8.77557944318562
RK4,0.001,200000,0.3097379589999889,6.548214011772733
RK4,0.0001,2000000,3.070720001000012,4.366621604472097
DP5,0.001,4790,0.018427500000001373,10.526063308823922
DP5,1e-06,14234,0.05550650000000701,9.8610006245841
DP5,1e-09,49286,0.1732627089999994,8.0790686989745
